project,libraries-io-language,url,description,domain,magnet_2017,sticky_2017,magnet_2018,sticky_2018,magnet_2019,sticky_2019,magnet_2020,sticky_2020
facebook_react,Ruby,https://github.com/facebook/react,,Software tools,0.112922173,0.0861141,0.1082522,0.16270567,0.11182012,0.15098468,0.24892175,0.12684989
heartcombo_devise,Ruby,https://github.com/heartcombo/devise,Flexible authentication solution for Rails with Warden.,web libraries and frameworks,0.023641703,0.0952381,0.0199351,0.10576923,0.02066241,0.10126582,0.04004929,0.36986301
hashicorp_vagrant,Ruby,https://github.com/hashicorp/vagrant,Vagrant is a tool for building and distributing development environments.,Software tools,0.033480176,0.11313869,0.03917478,0.085,0.03251291,0.14516129,0.06284658,0.15833333
marijnh_CodeMirror,Ruby,https://github.com/marijnh/CodeMirror,"In-browser code editor (version 5, legacy)",Application software,0.051982379,0.03555556,0.01483542,0,0,0,0,0
handlebars-lang_handlebars.js,Ruby,https://github.com/handlebars-lang/handlebars.js,Minimal templating on steroids.,web libraries and frameworks,0.004992658,0.04878049,0.00162262,0.22222222,0.01033121,0.13888889,0.01540357,0.26666667
rubocop-hq_rubocop,Ruby,https://github.com/rubocop-hq/rubocop,"A Ruby static code analyzer and formatter, based on the community Ruby style guide.",Software tools,0.034508076,0.21908127,0.04798331,0.23420074,0.04314798,0.19512195,0.1090573,0.0875576
teamcapybara_capybara,Ruby,https://github.com/teamcapybara/capybara,Acceptance test framework for web applications,web libraries and frameworks,0.00763583,0.05,0.01135837,0.03846154,0.00911577,0.09375,0.02033272,0.13888889
faker-ruby_faker,Ruby,https://github.com/faker-ruby/faker,"A library for generating fake data such as names, addresses, and phone numbers.",Non-web libraries and frameworks,0.042143906,0.10855263,0.06165971,0.12374582,0.06046794,0.21186441,0.11891559,0.15226337
kaminari_kaminari,Ruby,https://github.com/kaminari/kaminari,"‚ö° A Scope & Engine based, clean, powerful, customizable and sophisticated paginator for Ruby webapps",web libraries and frameworks,0.00660793,0.03921569,0.00370885,0.27777778,0.00395017,0.44444444,0.00677757,0.47368421
heartcombo_simple_form,Ruby,https://github.com/heartcombo/simple_form,"Forms made easy for Rails! It's tied to a simple DSL, with no opinion on markup.",web libraries and frameworks,0.008810573,0.08571429,0.00811312,0.09756098,0.00546946,0.13636364,0.00800986,0.1875
omniauth_omniauth,Ruby,https://github.com/omniauth/omniauth,OmniAuth is a flexible authentication system utilizing Rack middleware.,web libraries and frameworks,0.004405286,0.22857143,0.00185443,0.1875,0.00486174,0.52631579,0.01232286,0.06666667
thoughtbot_factory_bot,Ruby,https://github.com/thoughtbot/factory_bot,A library for setting up Ruby objects as test data.,web libraries and frameworks,0.015271659,0.17741935,0.01112656,0.04285714,0.01397751,0.10204082,0.01848429,0.14285714
varvet_pundit,Ruby,https://github.com/varvet/pundit,Minimal authorization through OO design and pure Ruby classes,Non-web libraries and frameworks,0.003964758,0.06060606,0.00788132,0.19444444,0.00455789,0.22727273,0.00739372,0.41176471
BetterErrors_better_errors,Ruby,https://github.com/BetterErrors/better_errors,Better error page for Rack apps,web libraries and frameworks,0.003377386,0.08333333,0.00254984,0.61538462,0.0015193,0.61538462,0.00924214,0.39130435
mmistakes_minimal-mistakes,Ruby,https://github.com/mmistakes/minimal-mistakes,":triangular_ruler: Jekyll theme for building a personal site, blog, project documentation, or portfolio.",Application software,0.035682819,0.10108303,0.0340751,0.12,0.03980553,0.09210526,0.0874923,0.13461538
paper-trail-gem_paper_trail,Ruby,https://github.com/paper-trail-gem/paper_trail,Track changes to your rails models,Non-web libraries and frameworks,0.006461087,0.07407407,0.00834492,0.075,0.00881191,0.125,0.01232286,0.16666667
NLPchina_ansj_seg,Ruby,https://github.com/NLPchina/ansj_seg,"ansjÂàÜËØç.ictÁöÑÁúüÊ≠£javaÂÆûÁé∞.ÂàÜËØçÊïàÊûúÈÄüÂ∫¶ÈÉΩË∂ÖËøáÂºÄÊ∫êÁâàÁöÑict. ‰∏≠ÊñáÂàÜËØç,‰∫∫ÂêçËØÜÂà´,ËØçÊÄßÊ†áÊ≥®,Áî®Êà∑Ëá™ÂÆö‰πâËØçÂÖ∏",Non-web libraries and frameworks,0.002202643,0.33333333,0.00115902,0,0.00060772,0,0.00246457,0.25
ankane_pghero,Ruby,https://github.com/ankane/pghero,A performance dashboard for Postgres,Software tools,0.003230543,0.04166667,0.00417246,0.31578947,0.00334245,0.23529412,0.00616143,0.21428571
formtastic_formtastic,Ruby,https://github.com/formtastic/formtastic,A Rails form builder plugin with semantically rich and accessible markup.,web libraries and frameworks,0.003230543,0.11538462,0.00092721,0.14285714,0.00182315,0.28571429,0.00554529,0.72727273
asmuth_clip,Ruby,https://github.com/asmuth/clip,Create charts from the command line,Application software,0.000146843,0.2,0,1,0.00121544,0.2,0,0
rails_webpacker,Ruby,https://github.com/rails/webpacker,Use Webpack to manage app-like JavaScript modules in Rails,Software tools,0.044199706,0.11501597,0.03940658,0.16990291,0.04922516,0.22335025,0.06407887,0.06756757
collectiveidea_delayed_job,Ruby,https://github.com/collectiveidea/delayed_job,Database based asynchronous priority queue system -- Extracted from Shopify,System software,0.006314244,0.14,0.00996755,0.5,0.00729262,0.04081633,0.008626,0
shakacode_react_on_rails,Ruby,https://github.com/shakacode/react_on_rails,"Integration of React + Webpack + Rails + rails/webpacker including server-side rendering of React, enabling a better developer experience and faster client performance.",web libraries and frameworks,0.014977974,0.09243697,0.00973574,0.09433962,0.00698876,0.17857143,0.01232286,0.24
jekyll_jekyll,Ruby,https://github.com/jekyll/jekyll,":globe_with_meridians: Jekyll is a blog-aware, static site generator in Ruby",Application software,0.03215859,0.12692308,0.04450626,0.13777778,0.03950167,0.17391304,0.10166359,0.25388601
fastlane_fastlane,Ruby,https://github.com/fastlane/fastlane,Connect all iOS and Android deployment tools into one streamlined workflow,Software tools,0.069016153,0.16329966,0.07858136,0.22706422,0.08903069,0.15816327,0.18114603,0.12921348
rethinkdb_rethinkdb,Ruby,https://github.com/rethinkdb/rethinkdb,The open-source database for the realtime web.,System software,0.004698972,0.125,0.00602689,0.25806452,0.00303859,0.22222222,0.00800986,0.23529412
emberjs_ember.js,Ruby,https://github.com/emberjs/ember.js,Ember.js - A JavaScript framework for creating ambitious web applications,web libraries and frameworks,0.028193833,0.23333333,0.03685675,0.25225225,0.03220905,0.27777778,0.04128158,0.30357143
github_hub,Ruby,https://github.com/github/hub,hub helps you win at git.,Software tools,0.011160059,0.13636364,0.02202133,0.22429907,0.02734731,0.11403509,0.02649415,0.30357143
jasmine_jasmine,Ruby,https://github.com/jasmine/jasmine,DOM-less simple JavaScript testing framework,web libraries and frameworks,0.007488987,0.14814815,0.0067223,0.18918919,0.00850805,0.14285714,0.00924214,0.05
spree_spree,Ruby,https://github.com/spree/spree,Spree is a complete open source e-commerce solution for Ruby on Rails.,web libraries and frameworks,0.031277533,0.09539474,0.01784886,0.24528302,0.02552416,0.34545455,0.05606901,0.24031008
mperham_sidekiq,Ruby,https://github.com/mperham/sidekiq,"Simple, efficient background processing for Ruby",Software tools,0.016593245,0.0234375,0.01483542,0.04477612,0.0133698,0.0212766,0.04251386,0.1
CodeSeven_toastr,Ruby,https://github.com/CodeSeven/toastr,Simple javascript toast notifications http://johnpapa.net,web libraries and frameworks,0.004258443,0.21052632,0.00370885,0.08333333,0.00425403,0.125,0.00184843,0
gollum_gollum,Ruby,https://github.com/gollum/gollum,"A simple, Git-powered wiki with a sweet API and local frontend.",Application software,0.004552129,0.25,0.00370885,0.15384615,0.00273473,0.23076923,0.01109057,0.28571429
tmuxinator_tmuxinator,Ruby,https://github.com/tmuxinator/tmuxinator,Manage complex tmux sessions easily,Software tools,0.003817915,0.15789474,0.00556328,0.2,0.00577332,0.24,0.00492914,0.35714286
thoughtbot_paperclip,Ruby,https://github.com/thoughtbot/paperclip,Easy file attachment management for ActiveRecord,Non-web libraries and frameworks,0.014096916,0.13636364,0.01529903,0.04938272,0.00486174,0.35,0.00246457,0.45454545
ruby-grape_grape,Ruby,https://github.com/ruby-grape/grape,An opinionated micro-framework for creating REST-like APIs in Ruby.,web libraries and frameworks,0.01071953,0.13483146,0.01089476,0.33898305,0.01002735,0.26415094,0.03327172,0.23529412
jordansissel_fpm,Ruby,https://github.com/jordansissel/fpm,"Effing package management! Build packages for multiple platforms (deb, rpm, etc) with great ease and sanity.",Software tools,0.008810573,0.22222222,0.01274919,0.47887324,0.01428137,0.48148148,0.01417129,0.5483871
fluent_fluentd,Ruby,https://github.com/fluent/fluentd,Fluentd data collector,Non-web libraries and frameworks,0.008076358,0.1971831,0.01066296,0.25,0.02035855,0.17073171,0.02218115,0.2
activeadmin_activeadmin,Ruby,https://github.com/activeadmin/activeadmin,The administration framework for Ruby on Rails applications.,Software tools,0.02246696,0.10638298,0.0199351,0.29245283,0.02157399,0.30392157,0.03388786,0.27906977
resque_resque,Ruby,https://github.com/resque/resque,"Resque is a Redis-backed Ruby library for creating background jobs, placing them on multiple queues, and processing them later.",Non-web libraries and frameworks,0.007048458,0.03636364,0.00973574,0.13636364,0.00546946,0.41666667,0.00924214,0.36
carrierwaveuploader_carrierwave,Ruby,https://github.com/carrierwaveuploader/carrierwave,"Classier solution for file uploads for Rails, Sinatra and other Ruby web frameworks",web libraries and frameworks,0.011894273,0.05208333,0.00811312,0.225,0.00546946,0.14814815,0.01848429,0.14705882
javan_whenever,Ruby,https://github.com/javan/whenever,Cron jobs in Ruby,Non-web libraries and frameworks,0.006754772,0.13461538,0.00347705,0.63636364,0.00486174,0.5,0.00308071,0.8
twitter_finagle,Ruby,https://github.com/twitter/finagle,"A fault tolerant, protocol-agnostic RPC system",Software tools,0.014537445,0.21985816,0.01414001,0.23913043,0.01944698,0.30232558,0.02895872,0.36986301
github_linguist,Ruby,https://github.com/github/linguist,"Language Savant. If your repository's language is being reported incorrectly, send us a pull request!",Non-web libraries and frameworks,0.037591777,0.1320132,0.04126101,0.10550459,0.05195989,0.09793814,0.0961183,0.14285714
tpope_vim-surround,Ruby,https://github.com/tpope/vim-surround,surround.vim: quoting/parenthesizing made simple,Application software,0.001321586,0.44444444,0.00370885,0.65,0.0015193,0.11111111,0.00246457,0.5
typekit_webfontloader,Ruby,https://github.com/typekit/webfontloader,Web Font Loader gives you added control when using linked fonts via @font-face.,web libraries and frameworks,0.0010279,0,0.00092721,0,0.00060772,0,0.00369686,0
sferik_rails_admin,Ruby,https://github.com/sferik/rails_admin,RailsAdmin is a Rails engine that provides an easy-to-use interface for managing your data,web libraries and frameworks,0.013362702,0.1559633,0.01576263,0.35294118,0.01033121,0.140625,0.01910043,0.375
Shopify_liquid,Ruby,https://github.com/Shopify/liquid,"Liquid markup language. Safe, customer facing template language for flexible web apps.",web libraries and frameworks,0.00660793,0.20338983,0.0067223,0.51219512,0.01124278,0.31034483,0.00985829,0.47058824
Compass_compass,Ruby,https://github.com/Compass/compass,Compass is a Stylesheet Authoring Environment that makes your website design simpler to implement and easier to maintain.,Software tools,0.001468429,0,0.00139082,0,0,0,0.00061614,0
hpneo_gmaps,Ruby,https://github.com/hpneo/gmaps,the easiest way to use Google Maps,web libraries and frameworks,0.001615272,0,0.0002318,0,0.00060772,1,0.00492914,0
dropwizard_metrics,Ruby,https://github.com/dropwizard/metrics,:chart_with_upwards_trend: Capturing JVM- and application-level metrics. So you know what's going on.,Software tools,0.013509545,0.05555556,0.01135837,0.14545455,0.01154664,0.13043478,0.01786815,0.14285714
flightjs_flight,Ruby,https://github.com/flightjs/flight,"A component-based, event-driven JavaScript framework from Twitter",web libraries and frameworks,0.000146843,0,0.0002318,0,0,0,0,0
middleman_middleman,Ruby,https://github.com/middleman/middleman,Hand-crafted frontend development,web libraries and frameworks,0.005139501,0.15909091,0.00764951,0.125,0.00395017,0.27777778,0.01109057,0.30434783
realm_jazzy,Ruby,https://github.com/realm/jazzy,Soulful docs for Swift & Objective-C,Software tools,0.002790015,0.16,0.00278164,0.25,0.00212701,0.18181818,0.00616143,0.25
chef_chef,Ruby,https://github.com/chef/chef,"A systems integration framework, built to bring the benefits of configuration management to your entire infrastructure.",Software tools,0.026138032,0.20080321,0.02480297,0.2611465,0.02613187,0.30708661,0.04313001,0.23853211
puma_puma,Ruby,https://github.com/puma/puma,A ruby web server built for concurrency,Software tools,0.011013216,0.24175824,0.01622624,0.18478261,0.02673959,0.17142857,0.05360444,0.08571429
reactjs_react-rails,Ruby,https://github.com/reactjs/react-rails,Ruby gem for automatically transforming JSX and using React in Rails.,web libraries and frameworks,0.006461087,0.09803922,0.00509968,0.14814815,0.00790033,0.2,0.00924214,0.42857143
venmo_synx,Ruby,https://github.com/venmo/synx,A command-line tool that reorganizes your Xcode project folder to match your Xcode groups,Software tools,0.000146843,0,0.00069541,0,0.00121544,0,0,0
guard_guard,Ruby,https://github.com/guard/guard,Guard is a command line tool to easily handle events on file system modifications.,Software tools,0.001908957,0.26666667,0.00231803,0.28571429,0.00243087,0.16666667,0.00246457,0.33333333
Gazler_githug,Ruby,https://github.com/Gazler/githug,Git your game on!,Application software,0.002496329,0.05555556,0.00185443,0.33333333,0.00607718,0.17391304,0.00800986,0.17647059
flyerhzm_bullet,Ruby,https://github.com/flyerhzm/bullet,help to kill N+1 queries and unused eager loading,Non-web libraries and frameworks,0.003524229,0.11538462,0.00509968,0.12,0.00546946,0.19047619,0.008626,0.33333333
puppetlabs_puppet,Ruby,https://github.com/puppetlabs/puppet,Server automation framework and application,Software tools,0.034067548,0.26168224,0.02178952,0.36516854,0.01944698,0.31782946,0.02402957,0.2625
alexreisner_geocoder,Ruby,https://github.com/alexreisner/geocoder,Complete Ruby geocoding solution.,Non-web libraries and frameworks,0.011894273,0.07368421,0.01298099,0.14285714,0.00911577,0.17948718,0.01232286,0.14814815
presidentbeef_brakeman,Ruby,https://github.com/presidentbeef/brakeman,A static analysis security vulnerability scanner for Ruby on Rails applications,Software tools,0.003671072,0.12903226,0.00417246,0.31818182,0.00729262,0.12903226,0.01170672,0.17391304
mislav_will_paginate,Ruby,https://github.com/mislav/will_paginate,"Pagination library for Rails, Sinatra, Merb, DataMapper, and more",Non-web libraries and frameworks,0.006314244,0.48888889,0.00254984,0.78787879,0.00455789,0.17073171,0.00308071,0.08333333
pry_pry,Ruby,https://github.com/pry/pry,An IRB alternative and runtime developer console,Software tools,0.005726872,0.23913043,0.00788132,0.08888889,0.00607718,0.08333333,0.01478743,0.46153846
ankane_chartkick,Ruby,https://github.com/ankane/chartkick,Create beautiful JavaScript charts with one line of Ruby,web libraries and frameworks,0.002936858,0.04761905,0.00347705,0.0625,0.00303859,0.09090909,0.004313,0.125
github_scientist,Ruby,https://github.com/github/scientist,:microscope: A Ruby library for carefully refactoring critical paths.,web libraries and frameworks,0.0020558,0.0952381,0.00231803,0.16666667,0.00364631,0.28571429,0.00985829,0.15
sparklemotion_nokogiri,Ruby,https://github.com/sparklemotion/nokogiri,"Nokogiri (鋸) is an HTML, XML, SAX, and Reader parser with XPath and CSS selector support.",Non-web libraries and frameworks,0.007048458,0.21538462,0.00718591,0.26666667,0.00607718,0.46875,0.01478743,0.20512821
bkeepers_dotenv,Ruby,https://github.com/bkeepers/dotenv,Loads environment variables from `.env`.,Software tools,0.002936858,0.08,0.00556328,0.23076923,0.00577332,0.04,0.004313,0.25
norman_friendly_id,Ruby,https://github.com/norman/friendly_id,FriendlyId is the “Swiss Army bulldozer” of slugging and permalink plugins for ActiveRecord. It allows you to create pretty URL’s and work with human-friendly strings as if they were numeric ids for ActiveRecord models.,Non-web libraries and frameworks,0.006020558,0.22222222,0.00579509,0.17142857,0.00546946,0.125,0.008626,0.17647059
ddollar_foreman,Ruby,https://github.com/ddollar/foreman,Manage Procfile-based applications,Software tools,0.003964758,0.2,0.00440427,0.15384615,0.00607718,0.25,0.00616143,0.6875
ankane_searchkick,Ruby,https://github.com/ankane/searchkick,Intelligent search made easy for Rails,Software tools,0.009251101,0.11267606,0.01089476,0.07272727,0.00638104,0.12,0.00985829,0.21052632
hanami_hanami,Ruby,https://github.com/hanami/hanami,"The web, with simplicity.",web libraries and frameworks,0.006461087,0.25862069,0.00718591,0.17391304,0.00577332,0.18518519,0.00800986,0.44444444
jnunemaker_httparty,Ruby,https://github.com/jnunemaker/httparty,Makes http fun again!,web libraries and frameworks,0.006314244,0.02222222,0.00834492,0.2972973,0.0051656,0.17857143,0.00924214,0.35
cucumber_cucumber-ruby,Ruby,https://github.com/cucumber/cucumber-ruby,"Simple, human collaboration",Software tools,0.007782673,0.11940299,0.00486787,0.37931034,0.00395017,0.29166667,0.01478743,0.22580645
google_EarlGrey,Ruby,https://github.com/google/EarlGrey,iOS UI Automation Test Framework,Non-web libraries and frameworks,0.006754772,0.12280702,0.00718591,0.39473684,0.00729262,0.33333333,0.01232286,0.33333333
rails-api_active_model_serializers,Ruby,https://github.com/rails-api/active_model_serializers,ActiveModel::Serializer implementation and Rails hooks,Non-web libraries and frameworks,0.013950073,0.06896552,0.0064905,0.38888889,0.00638104,0.31428571,0.01047443,0.42857143
rest-client_rest-client,Ruby,https://github.com/rest-client/rest-client,"Simple HTTP and REST client for Ruby, inspired by microframework syntax for specifying actions.",web libraries and frameworks,0.006314244,0.06,0.00324525,0.35294118,0.00698876,0.03448276,0.00616143,0
slim-template_slim,Ruby,https://github.com/slim-template/slim,Slim is a template language whose goal is reduce the syntax to the essential parts without becoming cryptic.,Non-web libraries and frameworks,0.003817915,0.22580645,0.00301344,0.2,0.00121544,0.75,0.00739372,0
sferik_t,Ruby,https://github.com/sferik/t,A command-line power tool for Twitter.,Application software,0.003817915,0.14814815,0.00208623,0,0.00121544,0,0.00985829,0
github_markup,Ruby,https://github.com/github/markup,The code we use to render README.your_favorite_markup,web libraries and frameworks,0.004845815,0.14705882,0.00463607,0.32,0.00334245,0.21052632,0.012939,0.48
lostisland_faraday,Ruby,https://github.com/lostisland/faraday,"Simple, but flexible HTTP client library, with support for multiple backends.",web libraries and frameworks,0.014977974,0.04347826,0.00788132,0.15384615,0.01367366,0.11764706,0.02341343,0.18181818
sj26_mailcatcher,Ruby,https://github.com/sj26/mailcatcher,Catches mail and serves it through a dream.,Application software,0.002496329,0.42105263,0.00370885,0.75,0.00243087,0.42307692,0.00308071,0.5625
drapergem_draper,Ruby,https://github.com/drapergem/draper,Decorators/View-Models for Rails Applications,web libraries and frameworks,0.006461087,0,0.00139082,0.5,0.00395017,0.4375,0.00554529,0.375
mbleigh_acts-as-taggable-on,Ruby,https://github.com/mbleigh/acts-as-taggable-on,A tagging plugin for Rails applications that allows for custom tagging along dynamic contexts.,Non-web libraries and frameworks,0.006461087,0.3,0.00950394,0.33928571,0.00486174,0.54285714,0.01540357,0.5
BBC-News_wraith,Ruby,https://github.com/BBC-News/wraith,Wraith — A responsive screenshot comparison tool,Non-web libraries and frameworks,0.002936858,0.29166667,0.00602689,0.42424242,0.00121544,0,0,0
seyhunak_twitter-bootstrap-rails,Ruby,https://github.com/seyhunak/twitter-bootstrap-rails,Twitter Bootstrap for Rails 3.x - 4 Asset Pipeline,web libraries and frameworks,0.002790015,0.54166667,0.00046361,0.8,0.00030386,0.92307692,0.00184843,0
ruby-concurrency_concurrent-ruby,Ruby,https://github.com/ruby-concurrency/concurrent-ruby,"Modern concurrency tools including agents, futures, promises, thread pools, supervisors, and more. Inspired by Erlang, Clojure, Scala, Go, Java, JavaScript, and classic concurrency patterns.",Non-web libraries and frameworks,0.0030837,0.21875,0.0067223,0.30555556,0.0066849,0.36363636,0.008626,0.34615385
thoughtbot_administrate,Ruby,https://github.com/thoughtbot/administrate,A Rails engine that helps you put together a super-flexible admin dashboard.,web libraries and frameworks,0.021879589,0.11386139,0.02248493,0.275,0.01367366,0.32051282,0.04313001,0.14736842
doorkeeper-gem_doorkeeper,Ruby,https://github.com/doorkeeper-gem/doorkeeper,Doorkeeper is an OAuth 2 provider for Rails and Grape,web libraries and frameworks,0.007782673,0.14516129,0.01251739,0.0952381,0.01428137,0.13207547,0.02094886,0.12195122
julienXX_terminal-notifier,Ruby,https://github.com/julienXX/terminal-notifier,Send User Notifications on Mac OS X 10.8 from the command-line.,Software tools,0.001908957,0,0.00092721,0,0,0,0.00061614,0
activerecord-hackery_ransack,Ruby,https://github.com/activerecord-hackery/ransack,Object-based searching. With maintenance by @radar and @jonatack!,web libraries and frameworks,0.005726872,0.14285714,0.00996755,0.20408163,0.00790033,0.30555556,0.01478743,0.37142857
phusion_passenger,Ruby,https://github.com/phusion/passenger,"A fast and robust web server and application server for Ruby, Python and Node.js",Software tools,0.0020558,0.21052632,0.00278164,0.125,0.00243087,0.4,0.00924214,0.21052632
kickstarter_rack-attack,Ruby,https://github.com/kickstarter/rack-attack,Rack middleware for blocking & throttling,Non-web libraries and frameworks,0.002790015,0.26086957,0.0064905,0.14705882,0.00334245,0.1875,0.00492914,0
erikhuda_thor,Ruby,https://github.com/erikhuda/thor,Thor is a toolkit for building powerful command-line interfaces.,Non-web libraries and frameworks,0.005286344,0.3,0.00625869,0.43589744,0.00790033,0.27906977,0.01355514,0.58823529
vmg_redcarpet,Ruby,https://github.com/vmg/redcarpet,"The safe Markdown parser, reloaded.",web libraries and frameworks,0.003230543,0.125,0.00370885,0.26315789,0.00182315,0.36363636,0.00123229,0.66666667
vcr_vcr,Ruby,https://github.com/vcr/vcr,"Record your test suite's HTTP interactions and replay them during future test runs for fast, deterministic, accurate tests.",Software tools,0.005286344,0.09756098,0.00579509,0.24137931,0.00729262,0.19354839,0.01417129,0.27586207
backup_backup,Ruby,https://github.com/backup/backup,Easy full stack backup operations on UNIX-like systems.,Software tools,0.002349486,0.17391304,0.00324525,0.5,0.0015193,0.42857143,0.00369686,0
CanCanCommunity_cancancan,Ruby,https://github.com/CanCanCommunity/cancancan,"Continuation of CanCan, the authorization Gem for Ruby on Rails.",web libraries and frameworks,0.00660793,0.18518519,0.00533148,0.15151515,0.00638104,0.30769231,0.01540357,0.3030303
tensorflow_models,Python,https://github.com/tensorflow/models,,Non-web libraries and frameworks,0.036661063,0.155698234,0.040595997,0.289189189,0.026491973,0.199312715,0.02166771,0.262086514
nvbn_thefuck,Python,https://github.com/nvbn/thefuck,Magnificent app which corrects your previous console command.,Software tools,0.002198371,0.268292683,0.0032199,0.193548387,0.006047081,0.291666667,0.003285357,0.528571429
django_django,Python,https://github.com/django/django,The Web framework for perfectionists with deadlines.,web libraries and frameworks,0.06433467,0.126300149,0.041353621,0.186666667,0.036282485,0.158054711,0.044586984,0.151335312
ansible_ansible,Python,https://github.com/ansible/ansible,"Ansible is a radically simple IT automation platform that makes your applications and systems easier to deploy. Avoid writing scripts or custom code to deploy and update your applications— automate in a language that approaches plain English, using SSH, with no agents to install on remote systems.",Software tools,0.158799948,0.251709986,0.167750489,0.333038609,0.156864157,0.132064068,0.0625,0.110032362
scikit-learn_scikit-learn,Python,https://github.com/scikit-learn/scikit-learn,scikit-learn: machine learning in Python,Non-web libraries and frameworks,0.046101125,0.207701284,0.049498074,0.304573805,0.059103016,0.15978456,0.062812891,0.143730887
soimort_you-get,Python,https://github.com/soimort/you-get,:arrow_double_down: Dumb downloader that scrapes the web,Application software,0.004849347,0.183673469,0.005682177,0.148148148,0.005255201,0.202247191,0.00704005,0.333333333
fxsjy_jieba,Python,https://github.com/fxsjy/jieba,结巴中文分词,Non-web libraries and frameworks,0.001745765,0.5,0.0010733,0.625,0.00151177,0.707317073,0.001016896,0
tornadoweb_tornado,Python,https://github.com/tornadoweb/tornado,"Tornado is a Python web framework and asynchronous networking library, originally developed at FriendFeed.",Non-web libraries and frameworks,0.008987456,0.070588235,0.004735147,0.103448276,0.003239508,0.203703704,0.003207134,0.365384615
docker_compose,Python,https://github.com/docker/compose,Define and run multi-container applications with Docker,Software tools,0.00950472,0.128342246,0.00631353,0.274193548,0.006982939,0.244274809,0.008291615,0.275362319
SeleniumHQ_selenium,Python,https://github.com/SeleniumHQ/selenium,A browser automation framework and ecosystem.,web libraries and frameworks,0.01933273,0.125,0.013952901,0.233333333,0.012454107,0.220338983,0.01321965,0.113122172
nicolargo_glances,Python,https://github.com/nicolargo/glances,Glances an Eye on your system,Application software,0.001681107,0.117647059,0.001641518,0.266666667,0.001655748,0.193548387,0.002190238,0.205882353
celery_celery,Python,https://github.com/celery/celery,Distributed Task Queue (development branch),Non-web libraries and frameworks,0.014677357,0.083333333,0.014394848,0.192771084,0.014901735,0.082352941,0.013845432,0.126262626
binux_pyspider,Python,https://github.com/binux/pyspider,A Powerful Spider(Web Crawler) System in Python.,Software tools,0.002457002,0.133333333,0.002083465,0.435897436,0.001583759,0.333333333,0.000156446,0
ipython_ipython,Python,https://github.com/ipython/ipython,"Official repository for IPython itself. Other repos in the IPython organization contain things like the website, documentation builds, etc.",Non-web libraries and frameworks,0.008470193,0.125786164,0.006818612,0.140625,0.005975092,0.158415842,0.009699625,0.242857143
google_flatbuffers,Python,https://github.com/google/flatbuffers,Memory Efficient Serialization Library,Non-web libraries and frameworks,0.011315143,0.128078818,0.01155376,0.234449761,0.01454179,0.266932271,0.012359199,0.217777778
tqdm_tqdm,Python,https://github.com/tqdm/tqdm,"A fast, extensible progress bar for Python",Non-web libraries and frameworks,0.002004397,0.282051282,0.002588547,0.211538462,0.003095529,0.148148148,0.003207134,0.224489796
spotify_luigi,Python,https://github.com/spotify/luigi,"Luigi is a Python module that helps you build complex pipelines of batch jobs. It handles dependency resolution, workflow management, visualization etc. It also comes with Hadoop support built in.",Non-web libraries and frameworks,0.013901461,0.154471545,0.011616895,0.153153153,0.008206753,0.155405405,0.004693367,0.156626506
numpy_numpy,Python,https://github.com/numpy/numpy,Numpy main repository,Non-web libraries and frameworks,0.019849994,0.255696203,0.019635078,0.257281553,0.023828378,0.23798627,0.034887359,0.165454545
fabric_fabric,Python,https://github.com/fabric/fabric,"Simple, Pythonic remote execution and deployment.",Software tools,0.004267425,0.209876543,0.004798283,0.086021505,0.002591606,0.590909091,0.001642678,0.531914894
powerline_powerline,Python,https://github.com/powerline/powerline,"Powerline is a statusline plugin for vim, and provides statuslines and prompts for several other applications, including zsh, bash, tmux, IPython, Awesome and Qtile.",Application software,0.003944136,0.074626866,0.001262706,0.2,0.001727737,0.275862069,0.001955569,0.424242424
saltstack_salt,Python,https://github.com/saltstack/salt,Software to automate the management and configuration of any infrastructure or application at scale. Get access to the Salt Open software package repository here:,Software tools,0.047976206,0.23246493,0.037123556,0.241463415,0.03131524,0.387045814,0.035826033,0.304409673
matplotlib_matplotlib,Python,https://github.com/matplotlib/matplotlib,matplotlib: plotting with Python,Non-web libraries and frameworks,0.020819863,0.184210526,0.019319401,0.237597911,0.015549636,0.175895765,0.026126408,0.154639175
micropython_micropython,Python,https://github.com/micropython/micropython,MicroPython - a lean and efficient Python implementation for microcontrollers and constrained systems,Non-web libraries and frameworks,0.015129962,0.24691358,0.014205442,0.419672131,0.017781297,0.376,0.025031289,0.249457701
gnachman_iTerm2,Python,https://github.com/gnachman/iTerm2,iTerm2 is a terminal emulator for Mac OS X that does amazing things.,Application software,0.00284495,0.142857143,0.002525412,0.14893617,0.002447628,0.195121951,0.002112015,0.285714286
joke2k_faker,Python,https://github.com/joke2k/faker,Faker is a Python package that generates fake data for you.,Software tools,0.005560585,0.096774194,0.005997853,0.144230769,0.008710676,0.176470588,0.010090738,0.176470588
lra_mackup,Python,https://github.com/lra/mackup,Keep your application settings in sync (OS X/Linux),Software tools,0.00633648,0.413793103,0.007765642,0.292397661,0.00611907,0.303703704,0.007744055,0.342857143
sivel_speedtest-cli,Python,https://github.com/sivel/speedtest-cli,Command line interface for testing internet bandwidth using speedtest.net,Application software,0.002198371,0.097560976,0.000947029,0.210526316,0.000719891,0,0.001251564,0.1875
codelucas_newspaper,Python,https://github.com/codelucas/newspaper,"News, full-text, and article metadata extraction in Python 3",Non-web libraries and frameworks,0.004008793,0.236842105,0.0042932,0.290697674,0.002591606,0.459016393,0.003441802,0.027777778
nltk_nltk,Python,https://github.com/nltk/nltk,NLTK Source,Non-web libraries and frameworks,0.00601319,0.090909091,0.004861418,0.103448276,0.004895256,0.103896104,0.004145807,0.081967213
andymccurdy_redis-py,Python,https://github.com/andymccurdy/redis-py,Redis Python Client,Non-web libraries and frameworks,0.006789086,0.327433628,0.005745312,0.2890625,0.003527464,0.11627907,0.003676471,0.192982456
gleitz_howdoi,Python,https://github.com/gleitz/howdoi,howdoi - instant coding answers via the command line,Software tools,0.000905211,0.1875,0.000505082,0.090909091,0.000719891,0.181818182,0.001799124,0.08
coursera-dl_coursera-dl,Python,https://github.com/coursera-dl/coursera-dl,Script for downloading Coursera.org videos and naming them.,Application software,0.000711238,0.333333333,0.001452112,0.357142857,0.000647902,0.473684211,0.000782228,0.631578947
thumbor_thumbor,Python,https://github.com/thumbor/thumbor,thumbor is an open-source photo thumbnail service by globo.com,Software tools,0.002650976,0.211538462,0.002272871,0.212765957,0.002159672,0.275,0.001799124,0.205882353
coleifer_peewee,Python,https://github.com/coleifer/peewee,"a small, expressive orm -- supports postgresql, mysql and sqlite",Non-web libraries and frameworks,0.00381482,0.071428571,0.003661847,0.047619048,0.002159672,0.03030303,0.001799124,0.083333333
python-pillow_Pillow,Python,https://github.com/python-pillow/Pillow,The friendly PIL fork,Non-web libraries and frameworks,0.004849347,0.116504854,0.003409306,0.287878788,0.004103376,0.25,0.004693367,0.227848101
scipy_scipy,Python,https://github.com/scipy/scipy,Scipy library main repository,Non-web libraries and frameworks,0.017005043,0.241982507,0.019824484,0.319899244,0.021452739,0.268235294,0.02589174,0.251685393
benoitc_gunicorn,Python,https://github.com/benoitc/gunicorn,"gunicorn 'Green Unicorn' is a WSGI HTTP Server for UNIX, fast clients and sleepy applications.",Software tools,0.005495927,0.138613861,0.004798283,0.244444444,0.004247354,0.234567901,0.00563204,0.428571429
ytdl-org_youtube-dl,Python,https://github.com/ytdl-org/youtube-dl,Command-line program to download videos from YouTube.com and other video sites,Application software,0.029225398,0.131578947,0.023991414,0.248351648,0.040745807,0.422680412,0.046073217,0.388127854
pallets_flask,Python,https://github.com/pallets/flask,The Python micro framework for building web applications.,web libraries and frameworks,0.016229148,0.016722408,0.009596565,0.089171975,0.009790512,0.04,0.00899562,0.05785124
keras-team_keras,Python,https://github.com/keras-team/keras,Deep Learning for humans,Non-web libraries and frameworks,0.050497866,0.091106291,0.027968937,0.079696395,0.017925275,0.06185567,0.006570713,0.049019608
psf_requests,Python,https://github.com/psf/requests,"A simple, yet elegant, HTTP library.",web libraries and frameworks,0.011897065,0.094339623,0.012374519,0.074074074,0.00993449,0.220779221,0.011733417,0.288043478
ColorlibHQ_AdminLTE,Python,https://github.com/ColorlibHQ/AdminLTE,AdminLTE - Free admin dashboard template based on Bootstrap 4,web libraries and frameworks,0.00698306,0.049586777,0.003346171,0.152542373,0.002879562,0.081632653,0.003911139,0.074074074
apache_superset,Python,https://github.com/apache/superset,Apache Superset is a Data Visualization and Data Exploration Platform,Application software,0.015647226,0.143859649,0.021655408,0.1796875,0.021308761,0.136986301,0.018460576,0.276223776
certbot_certbot,Python,https://github.com/certbot/certbot,Certbot is EFF's tool to obtain certs from Let's Encrypt and (optionally) auto-enable HTTPS on your server.  It can also act as a client for any other CA that uses the ACME protocol.,Application software,0.010474589,0.153110048,0.011048677,0.22705314,0.007414873,0.173333333,0.007900501,0.188976378
pandas-dev_pandas,Python,https://github.com/pandas-dev/pandas,"Flexible and powerful data analysis / manipulation library for Python, providing labeled data structures similar to R data.frame objects, statistical functions, and much more",Non-web libraries and frameworks,0.049010733,0.15125136,0.068691205,0.134474328,0.067165791,0.163023679,0.087922403,0.082885649
facebookresearch_fastText,Python,https://github.com/facebookresearch/fastText,Library for fast text representation and classification.,Non-web libraries and frameworks,0.0056899,0.09,0.004356336,0.320512821,0.003239508,0.371428571,0.003911139,0
littlecodersh_ItChat,Python,https://github.com/littlecodersh/ItChat,A complete and graceful API for Wechat. ÂæÆ‰ø°‰∏™‰∫∫Âè∑Êé•Âè£„ÄÅÂæÆ‰ø°Êú∫Âô®‰∫∫ÂèäÂëΩ‰ª§Ë°åÂæÆ‰ø°Ôºå‰∏âÂçÅË°åÂç≥ÂèØËá™ÂÆö‰πâ‰∏™‰∫∫Âè∑Êú∫Âô®‰∫∫„ÄÇ,Non-web libraries and frameworks,0.002457002,0.021276596,0.0010733,0.055555556,0.000647902,0,0.000312891,0
openai_gym,Python,https://github.com/openai/gym,A toolkit for developing and comparing reinforcement learning algorithms.,Non-web libraries and frameworks,0.00698306,0.239130435,0.009785971,0.255319149,0.007414873,0.099337748,0.00985607,0.212765957
pypa_pipenv,Python,https://github.com/pypa/pipenv,Python Development Workflow for Humans.,Software tools,0.011703091,0.099447514,0.017299072,0.075342466,0.006047081,0.179245283,0.004380476,0.146666667
apache_mxnet,Python,https://github.com/apache/mxnet,"Lightweight, Portable, Flexible Distributed/Mobile Deep Learning with Dynamic, Mutation-aware Dataflow Dep Scheduler; for Python, R, Julia, Scala, Go, Javascript and more",Non-web libraries and frameworks,0.041445752,0.189922481,0.031441379,0.282170543,0.023900367,0.23540856,0.020337922,0.202099738
pyenv_pyenv,Python,https://github.com/pyenv/pyenv,Simple Python version management,Software tools,0.004655373,0.202380952,0.003472441,0.305555556,0.004391333,0.325301205,0.007900501,0.265625
fastai_fastai,Python,https://github.com/fastai/fastai,The fastai deep learning library,Non-web libraries and frameworks,0.002974266,0.456521739,0.031251973,0.141472868,0.025268159,0.115566038,0.016661452,0.133587786
keon_algorithms,Python,https://github.com/keon/algorithms,Minimal examples of data structures and algorithms in Python,Documentation,0.004332083,0.130434783,0.007513101,0.15625,0.008062774,0.181818182,0.007978723,0.412698413
encode_django-rest-framework,Python,https://github.com/encode/django-rest-framework,Web APIs for Django. üé∏,web libraries and frameworks,0.027802923,0.052123552,0.016730854,0.191780822,0.021740695,0.184357542,0.018460576,0.304635762
3b1b_manim,Python,https://github.com/3b1b/manim,Animation engine for explanatory math videos,Application software,0.001228501,0.227272727,0.00309363,0.12962963,0.007918796,0.256410256,0.012906758,0.133333333
d2l-ai_d2l-zh,Python,https://github.com/d2l-ai/d2l-zh,„ÄäÂä®ÊâãÂ≠¶Ê∑±Â∫¶Â≠¶‰π†„ÄãÔºöÈù¢Âêë‰∏≠ÊñáËØªËÄÖ„ÄÅËÉΩËøêË°å„ÄÅÂèØËÆ®ËÆ∫„ÄÇ‰∏≠Ëã±ÊñáÁâàË¢´60Â§ö‰∏™ÂõΩÂÆ∂ÁöÑ400Â§öÊâÄÂ§ßÂ≠¶Áî®‰∫éÊïôÂ≠¶„ÄÇ,Documentation,0.003362214,0.288461538,0.010543595,0.071428571,0.00302354,0.090909091,0.000782228,0.6
apache_airflow,Python,https://github.com/apache/airflow,"Apache Airflow - A platform to programmatically author, schedule, and monitor workflows",Application software,0.033104875,0.204508857,0.045078603,0.186682521,0.066733856,0.161439114,0.076814768,0.111495246
sanic-org_sanic,Python,https://github.com/sanic-org/sanic,Next generation Python web server/framework | Build fast. Run fast.,web libraries and frameworks,0.010733221,0.080645161,0.006376665,0.146551724,0.0046073,0.185185185,0.004145807,0.102941176
commaai_openpilot,Python,https://github.com/commaai/openpilot,openpilot is an open source driver assistance system. openpilot performs the functions of Automated Lane Centering and Adaptive Cruise Control for over 200 supported car makes and models.,Application software,0.002263029,0.358974359,0.007828777,0.355072464,0.007846807,0.297468354,0.020494368,0.148867314
mozilla_DeepSpeech,Python,https://github.com/mozilla/DeepSpeech,"DeepSpeech is an open source embedded (offline, on-device) speech-to-text engine which can run in real time on devices ranging from a Raspberry Pi 4 to high power GPU servers.",Non-web libraries and frameworks,0.00316824,0.101694915,0.003851253,0.223880597,0.004823267,0.280487805,0.005084481,0.125
bokeh_boke,Python,https://github.com/bokeh/boke,"Interactive Data Visualization in the browser, from Python",web libraries and frameworks,0.010668563,0.140776699,0.008586401,0.127272727,0.009502556,0.098039216,0.013532541,0.090425532
dianping_cat,Python,https://github.com/dianping/cat,"CAT ‰Ωú‰∏∫ÊúçÂä°Á´ØÈ°πÁõÆÂü∫Á°ÄÁªÑ‰ª∂ÔºåÊèê‰æõ‰∫Ü Java, C/C++, Node.js, Python, Go Á≠âÂ§öËØ≠Ë®ÄÂÆ¢Êà∑Á´ØÔºåÂ∑≤ÁªèÂú®ÁæéÂõ¢ÁÇπËØÑÁöÑÂü∫Á°ÄÊû∂ÊûÑ‰∏≠Èó¥‰ª∂Ê°ÜÊû∂ÔºàMVCÊ°ÜÊû∂ÔºåRPCÊ°ÜÊû∂ÔºåÊï∞ÊçÆÂ∫ìÊ°ÜÊû∂ÔºåÁºìÂ≠òÊ°ÜÊû∂Á≠âÔºåÊ∂àÊÅØÈòüÂàóÔºåÈÖçÁΩÆÁ≥ªÁªüÁ≠âÔºâÊ∑±Â∫¶ÈõÜÊàêÔºå‰∏∫ÁæéÂõ¢ÁÇπËØÑÂêÑ‰∏öÂä°Á∫øÊèê‰æõÁ≥ªÁªü‰∏∞ÂØåÁöÑÊÄßËÉΩÊåáÊ†á„ÄÅÂÅ•Â∫∑Áä∂ÂÜµ„ÄÅÂÆûÊó∂ÂëäË≠¶Á≠â„ÄÇ",Application software,0.002586318,0.081632653,0.002336006,0.170731707,0.003599453,0.140350877,0.001173342,0.47826087
cookiecutter_cookiecutter,Python,https://github.com/cookiecutter/cookiecutter,"A cross-platform command-line utility that creates projects from cookiecutters (project templates), e.g. Python package projects, C projects.",Software tools,0.004655373,0.105882353,0.003788118,0.202898551,0.007054928,0.25,0.004928035,0.153846154
vnpy_vnpy,Python,https://github.com/vnpy/vnpy,Âü∫‰∫éPythonÁöÑÂºÄÊ∫êÈáèÂåñ‰∫§ÊòìÂπ≥Âè∞ÂºÄÂèëÊ°ÜÊû∂,Non-web libraries and frameworks,0.004849347,0.142857143,0.003851253,0.162162162,0.005039234,0.12195122,0.004380476,0.075757576
goharbor_harbor,Python,https://github.com/goharbor/harbor,"An open source trusted cloud native registry project that stores, signs, and scans content.",Application software,0.006918402,0.198473282,0.009596565,0.247191011,0.012382118,0.203703704,0.010325407,0.170454545
ray-project_ray,Python,https://github.com/ray-project/ray,Ray is a unified framework for scaling AI and Python applications. Ray consists of a core distributed runtime and a toolkit of libraries (Ray AIR) for accelerating ML workloads.,Non-web libraries and frameworks,0.003879478,0.513513514,0.014899931,0.215328467,0.021164783,0.240793201,0.031680225,0.195918367
micropython_micropython-lib,Python,https://github.com/micropython/micropython-lib,Core Python libraries ported to MicroPython,Non-web libraries and frameworks,0.002457002,0.254901961,0.002336006,0.44,0.001151825,0.684210526,0.002268461,0.145454545
google_grumpy,Python,https://github.com/google/grumpy,Grumpy is a Python to Go source code transcompiler and runtime.,Software tools,0.003879478,0.032786885,0.000315676,0,7.20E-05,0,7.82E-05,0
gunthercox_ChatterBot,Python,https://github.com/gunthercox/ChatterBot,"ChatterBot is a machine learning, conversational dialog engine for creating chat bots",Non-web libraries and frameworks,0.003879478,0.070422535,0.001957194,0.055555556,0.001871715,0.178571429,0.00140801,0.47826087
tzutalin_labelImg,Python,https://github.com/tzutalin/labelImg,"LabelImg is now part of the Label Studio community. The popular image annotation tool created by Tzutalin is no longer actively being developed, but you can check out Label Studio, the open source data labeling tool for images, text, hypertext, audio, video and time-series data.",Application software,0.002715634,0.130434783,0.004040659,0.157142857,0.001871715,0.297297297,0.002659574,0.266666667
python-telegram-bot_python-telegram-bot,Python,https://github.com/python-telegram-bot/python-telegram-bot,We have made you a wrapper you can't refuse,Non-web libraries and frameworks,0.00316824,0.288135593,0.004672012,0.175824176,0.004895256,0.154761905,0.006492491,0.104166667
jupyter_jupyterlab,Python,https://github.com/jupyter/jupyterlab,JupyterLab computational environment.,Software tools,0.004590715,0.257425743,0.0032199,0,0,0,0,0
taichi-dev_taichi,Python,https://github.com/taichi-dev/taichi,Productive & portable high-performance programming in Python.,Software tools,0.00064658,0.416666667,0.000252541,0.222222222,0.000719891,0.25,0.006179599,0.146341463
openai_baselines,Python,https://github.com/openai/baselines,OpenAI Baselines: high-quality implementations of reinforcement learning algorithms,Non-web libraries and frameworks,0.005431269,0.261904762,0.009785971,0.175141243,0.008926643,0.174193548,0.001251564,0.023255814
aio-libs_aiohttp,Python,https://github.com/aio-libs/aiohttp,Asynchronous HTTP client/server framework for asyncio and Python,web libraries and frameworks,0.012866934,0.209876543,0.011869436,0.142259414,0.013533943,0.09009009,0.011342303,0.115151515
tflearn_tflearn,Python,https://github.com/tflearn/tflearn,Deep learning library featuring a higher-level API for TensorFlow.,Non-web libraries and frameworks,0.004914005,0.068965517,0.001452112,0.172413793,0.000359945,0.4,0.000782228,0
davisking_dlib,Python,https://github.com/davisking/dlib,A toolkit for making real world machine learning and data analysis applications in C++,Non-web libraries and frameworks,0.007241691,0.106870229,0.004356336,0.096385542,0.002231661,0.282051282,0.002972466,0.12244898
wifiphisher_wifiphisher,Python,https://github.com/wifiphisher/wifiphisher,The Rogue Access Point Framework,Non-web libraries and frameworks,0.001875081,0.108108108,0.000631353,0.214285714,0.001151825,0.263157895,0.000625782,0.538461538
postmanlabs_httpbin,Python,https://github.com/postmanlabs/httpbin,"HTTP Request & Response Service, written in Python + Flask.",Application software,0.002780292,0.108695652,0.001830924,0,0.001079836,0.133333333,0.00140801,0.1
pallets_click,Python,https://github.com/pallets/click,Python composable command line interface toolkit,Non-web libraries and frameworks,0.004655373,0.243902439,0.007197424,0.171641791,0.006694982,0.103448276,0.005710263,0.070588235
magic-wormhole_magic-wormhole,Python,https://github.com/magic-wormhole/magic-wormhole,"get things from one computer to another, safely",Non-web libraries and frameworks,0.001228501,0.090909091,0.000757624,0.071428571,0.000431934,0.285714286,0.000312891,0.333333333
darknessomi_musicbox,Python,https://github.com/darknessomi/musicbox,ÁΩëÊòì‰∫ëÈü≥‰πêÂëΩ‰ª§Ë°åÁâàÊú¨,Application software,0.002069055,0.225,0.001578382,0.088235294,0.000719891,0.153846154,0.001251564,0.111111111
aleju_imgaug,Python,https://github.com/aleju/imgaug,Image augmentation for machine learning experiments.,Non-web libraries and frameworks,0.000387948,0.375,0.000820759,0.1875,0.001151825,0.157894737,0.000782228,0
ageitgey_face_recognition,Python,https://github.com/ageitgey/face_recognition,The world's simplest facial recognition api for Python and the command line,Non-web libraries and frameworks,0.002004397,0.064516129,0.0021466,0.361111111,0.002375639,0.043478261,0.003598248,0.229166667
lutzroeder_netron,Python,https://github.com/lutzroeder/netron,"Visualizer for neural network, deep learning, and machine learning models",Software tools,0.000129316,0.666666667,0.000505082,0.2,0.000719891,0.166666667,0.002190238,0.1
donnemartin_awesome-aws,Python,https://github.com/donnemartin/awesome-aws,"A curated list of awesome Amazon Web Services (AWS) libraries, open source repos, guides, blogs, and other resources.  Featuring the Fiery Meter of AWSome.",Documentation,0.001293159,0.346153846,0.001641518,0.571428571,0.001943705,0.489361702,0.002503129,0.545454545
apache_zookeeper,Python,https://github.com/apache/zookeeper,Apache ZooKeeper,System software,0.008017587,0.297297297,0.008396995,0.265536723,0.008062774,0.308176101,0.009073842,0.375757576
RasaHQ_rasa,Python,https://github.com/RasaHQ/rasa,"üí¨   Open source machine learning framework to automate text- and voice-based conversations: NLU, dialogue management, connect to Slack, Facebook, and more - Create chatbots and voice assistants",Non-web libraries and frameworks,0.008276219,0.136363636,0.011743166,0.171568627,0.01835721,0.224137931,0.019008135,0.25974026
ceph_ceph,Python,https://github.com/ceph/ceph,"Ceph is a distributed object, block, and file storage platform ",Application software,0.031617742,0.368556701,0.025127849,0.480994152,0.025052192,0.372230428,0.030741552,0.331782946
httpie_http-prompt,Python,https://github.com/httpie/http-prompt,"An interactive command-line HTTP and API testing client built on top of HTTPie featuring autocomplete, syntax highlighting, and more. https://twitter.com/httpie",Software tools,0.000387948,0.2,0.000189406,0.2,0.000431934,0.428571429,0.000704005,0.416666667
marcotcr_lime,Python,https://github.com/marcotcr/lime,Lime: Explaining the predictions of any machine learning classifier,Non-web libraries and frameworks,0.001551791,0.111111111,0.001325841,0.25,0.002087683,0.171428571,0.000938673,0.277777778
squeaky-pl_japronto,Python,https://github.com/squeaky-pl/japronto,Screaming-fast Python 3.5+ HTTP toolkit integrated with pipelining HTTP server based on uvloop and picohttpparser.,web libraries and frameworks,0.001293159,0.142857143,0.000631353,0.461538462,0.000431934,0.5,0.000312891,0.1
dbader_schedule,Python,https://github.com/dbader/schedule,Python job scheduling for humans.,Non-web libraries and frameworks,0.001422475,0.153846154,0.001767788,0.4375,0.001655748,0.135135135,0.001173342,0.25
cs01_gdbgui,Python,https://github.com/cs01/gdbgui,"Browser-based frontend to gdb (gnu debugger). Add breakpoints, view the stack, visualize data structures, and more in C, C++, Go, Rust, and Fortran. Run gdbgui from the terminal and a new tab will open in your browser.",Software tools,0.001616449,0.074074074,0.000947029,0.117647059,0.000503923,0.333333333,0.000860451,0.142857143
EpistasisLab_tpot,Python,https://github.com/EpistasisLab/tpot,A Python Automated Machine Learning tool that optimizes machine learning pipelines using genetic programming.,Non-web libraries and frameworks,0.002133713,0.071428571,0.000947029,0.111111111,0.001655748,0.2,0.002581352,0.078947368
pallets_jinja,Python,https://github.com/pallets/jinja,A very fast and expressive template engine.,web libraries and frameworks,0.003620846,0.055555556,0.004230065,0.352112676,0.005255201,0.040816327,0.004145807,0.228070175
aws_serverless-application-model,Python,https://github.com/aws/serverless-application-model,The AWS Serverless Application Model (AWS SAM) transform is a AWS CloudFormation macro that transforms SAM templates into CloudFormation templates.,Software tools,0.001228501,0.19047619,0.009722836,0.132911392,0.011086315,0.097142857,0.00758761,0.315789474
dunovank_jupyter-themes,Python,https://github.com/dunovank/jupyter-themes,Custom Jupyter Notebook Themes,Application software,0.000905211,0.117647059,0.000820759,0,0.000647902,0.666666667,0.000860451,0.823529412
networkx_networkx,Python,https://github.com/networkx/networkx,Network Analysis in Python,Non-web libraries and frameworks,0.007758955,0.155405405,0.010859271,0.287179487,0.01144626,0.186046512,0.016583229,0.19047619
rq_rq,Python,https://github.com/rq/rq,Simple job queues for Python,web libraries and frameworks,0.003297556,0.120689655,0.003030494,0.181818182,0.00302354,0.134615385,0.006727159,0.129032258
facebook_react,Javascript,https://github.com/facebook/react,"A declarative, efficient, and flexible JavaScript library for building user interfaces.",web libraries and frameworks,0.112922173,0.0861141,0.1082522,0.16270567,0.11182012,0.15098468,0.24892175,0.12684989
vuejs_vue,Javascript,https://github.com/vuejs/vue,,web libraries and frameworks,0.037619315,0.163543441,0.038520506,0.146666667,0.02768425,0.201538462,0.029568672,0.286809816
electron_electron,Javascript,https://github.com/electron/electron,":electron: Build cross-platform desktop apps with JavaScript, HTML, and CSS",web libraries and frameworks,0.012820513,0.138539043,0.013127635,0.215805471,0.015017904,0.181818182,0.012996595,0.177474403
facebook_create-react-app,Javascript,https://github.com/facebook/create-react-app,Set up a modern web app by running one command.,Software tools,0.031068688,0.180952381,0.031812955,0.151819322,0.031585698,0.115168539,0.025028377,0.170172084
axios_axios,Javascript,https://github.com/axios/axios,Promise based HTTP client for the browser and node.js,web libraries and frameworks,0.008983717,0.121428571,0.009198927,0.339712919,0.009192454,0.156378601,0.00908059,0.237373737
puppeteer_puppeteer,Javascript,https://github.com/puppeteer/puppeteer,Headless Chrome Node.js API,web libraries and frameworks,0.010621374,0.113207547,0.010875814,0.059760956,0.00796323,0.103658537,0.009421112,0.147540984
reduxjs_redux,Javascript,https://github.com/reduxjs/redux,Predictable state container for JavaScript apps,web libraries and frameworks,0.013849897,0.033254157,0.014181679,0.041935484,0.007802897,0.081761006,0.007945516,0.091503268
chartjs_Chart.js,Javascript,https://github.com/chartjs/Chart.js,Simple HTML5 Charts using the <canvas> tag,web libraries and frameworks,0.006082725,0.089201878,0.00622844,0.187919463,0.003527337,0.127659574,0.005334847,0.113207547
storybookjs_storybook,Javascript,https://github.com/storybookjs/storybook,"Storybook is a frontend workshop for building UI components and pages in isolation. Made for UI development, testing, and documentation. ",Application software,0.018294965,0.115384615,0.018733231,0.11778291,0.026829138,0.117540687,0.028660613,0.09122807
vercel_next.js,Javascript,https://github.com/vercel/next.js,The React Framework,web libraries and frameworks,0.025687816,0.121621622,0.026303181,0.141706924,0.030730586,0.176470588,0.07338252,0.087234043
ElemeFE_element,Javascript,https://github.com/ElemeFE/element,A Vue.js 2.0 UI Toolkit for Web,web libraries and frameworks,0.022786824,0.154738878,0.023332695,0.206349206,0.029073807,0.143721634,0.022587968,0.361054767
requests_requests,Javascript,https://github.com/requests/requests,"A simple, yet elegant, HTTP library.",web libraries and frameworks,0.006223096,0.094339623,0.006372173,0.176470588,0.003153225,0,0,0
ionic-team_ionic-framework,Javascript,https://github.com/ionic-team/ionic-framework,"A powerful cross-platform UI toolkit for building native-quality iOS, Android, and Progressive Web Apps with HTML, CSS, and JavaScript.",web libraries and frameworks,0.00977915,0.247648903,0.010013415,0.180555556,0.010207899,0.209876543,0.006015891,0.21656051
apache_echarts,Javascript,https://github.com/apache/echarts,"Apache ECharts is a powerful, interactive charting and data visualization library for browser",web libraries and frameworks,0.00247988,0.097222222,0.002539287,0.2,0.003794559,0.253012048,0.004540295,0.178217822
remix-run_react-router,Javascript,https://github.com/remix-run/react-router,Declarative routing for React,web libraries and frameworks,0.007486431,0.034120735,0.007665772,0.069364162,0.005665117,0.076271186,0.007037457,0.082706767
yarnpkg_yarn,Javascript,https://github.com/yarnpkg/yarn,The 1.x line is frozen - features and bugfixes now happen on https://github.com/yarnpkg/berry,Software tools,0.011463597,0.107942974,0.011738214,0.17114094,0.008764898,0.31627907,0.006867196,0.597883598
prettier_prettier,Javascript,https://github.com/prettier/prettier,Prettier is an opinionated code formatter.,Software tools,0.012773723,0.082926829,0.013079724,0.13029316,0.009887232,0.266666667,0.008740068,0.121495327
gothinkster_realworld,Javascript,https://github.com/gothinkster/realworld,"""The mother of all demo apps"" ‚Äî Exemplary fullstack Medium.com clone powered by React, Angular, Node, Django, and many more üèÖ",Software tools,0.001122965,0.2,0.001149866,0.24137931,0.00106889,0.185185185,0.001986379,0.2
juliangarnier_anime,Javascript,https://github.com/juliangarnier/anime,JavaScript animation engine,web libraries and frameworks,0.001122965,0.181818182,0.001149866,0.133333333,0.00213778,0.136363636,0.000908059,0.045454545
sveltejs_svelte,Javascript,https://github.com/sveltejs/svelte,Cybernetically enhanced web apps,Software tools,0.002900992,0.266666667,0.002970487,0.283783784,0.018171129,0.135734072,0.014982974,0.178913738
python_cpython,Javascript,https://github.com/python/cpython,The Python programming language,Software tools,0.047304885,0.34622824,0.048438099,0.437545654,0.054192721,0.341599504,0.060215664,0.355459057
foundation_foundation-sites,Javascript,https://github.com/foundation/foundation-sites,The most advanced responsive front-end framework in the world. Quickly create prototypes and production code for sites that work on any kind of device.,web libraries and frameworks,0.003509264,0.127906977,0.003593331,0.083333333,0.002832558,0.129032258,0.00215664,0.369565217
styled-components_styled-components,Javascript,https://github.com/styled-components/styled-components,Visual primitives for the component age. Use the best bits of ES6 and CSS to style your apps without stress üíÖ,web libraries and frameworks,0.008047913,0.075,0.008240705,0.089473684,0.004382449,0.080808081,0.004029512,0.101265823
preactjs_preact,Javascript,https://github.com/preactjs/preact,‚öõÔ∏è Fast 3kB React alternative with the same modern API. Components & Virtual DOM.,web libraries and frameworks,0.00491297,0.141104294,0.005030663,0.1640625,0.006253006,0.268115942,0.00476731,0.148760331
nuxt_nuxt.js,Javascript,https://github.com/nuxt/nuxt.js,"Nuxt is an intuitive and extendable way to create type-safe, performant and production-grade full-stack web apps and websites with Vue 3.",web libraries and frameworks,0.008843346,0.160839161,0.009055194,0.132075472,0.008230453,0.153846154,0.006696935,0.136986301
react-boilerplate_react-boilerplate,Javascript,https://github.com/react-boilerplate/react-boilerplate,":fire: A highly scalable, offline-first foundation with the best developer experience and a focus on performance and best practices.",web libraries and frameworks,0.004257908,0.1,0.004359908,0.131578947,0.002084335,0.12962963,0.001475596,0.060606061
vuejs_vue-cli,Javascript,https://github.com/vuejs/vue-cli,üõ†Ô∏è webpack-based tooling for Vue.js Development,web libraries and frameworks,0.01937114,0.171428571,0.019835186,0.143192488,0.013574902,0.142857143,0.012883087,0.158088235
vuetifyjs_vuetify,Javascript,https://github.com/vuetifyjs/vuetify,üêâ Vue Component Framework,web libraries and frameworks,0.015487554,0.184331797,0.015858567,0.150943396,0.021645022,0.125813449,0.021566402,0.098173516
standard_standard,Javascript,https://github.com/standard/standard,"üåü JavaScript Style Guide, with linter & automatic code fixer",Software tools,0.001778027,0.084507042,0.001820621,0.25,0.001977446,0.229166667,0.001418842,0.194444444
iview_iview,Javascript,https://github.com/iview/iview,A high quality UI Toolkit built on Vue.js 2.0,web libraries and frameworks,0.010434213,0.133004926,0.01068417,0.144,0.008016675,0.182795699,0.001816118,0.015151515
angular_angular-cli,Javascript,https://github.com/angular/angular-cli,CLI tool for Angular,Software tools,0.013943477,0.119642857,0.014277501,0.128767123,0.007749452,0.145833333,0.005959137,0.172932331
vuejs_vuex,Javascript,https://github.com/vuejs/vuex,üóÉÔ∏è Centralized State Management for Vue.js.,web libraries and frameworks,0.007158899,0.137254902,0.007330395,0.182320442,0.004382449,0.226086957,0.005221339,0.093220339
transloadit_uppy,Javascript,https://github.com/transloadit/uppy,The next open source file uploader for web browsers :dog:,Application software,0.003930376,0.348837209,0.00402453,0.151515152,0.00689434,0.145833333,0.007207719,0.121621622
markedjs_marked,Javascript,https://github.com/markedjs/marked,A markdown parser and compiler. Built for speed.,Software tools,0.003836796,0.131386861,0.003928708,0.08,0.001603335,0.131578947,0.001702611,0.142857143
mobxjs_mobx,Javascript,https://github.com/mobxjs/mobx,"Simple, scalable state management.",web libraries and frameworks,0.006410256,0.059210526,0.006563818,0.089041096,0.005665117,0.084033613,0.005164586,0.069306931
date-fns_date-fns,Javascript,https://github.com/date-fns/date-fns,‚è≥ Modern JavaScript date utility library ‚åõÔ∏è,web libraries and frameworks,0.006035935,0.237623762,0.006180529,0.150326797,0.008711453,0.188172043,0.011804767,0.111111111
webtorrent_webtorrent,Javascript,https://github.com/webtorrent/webtorrent,‚ö°Ô∏è Streaming torrent client for the web,Non-web libraries and frameworks,0.001871608,0.117647059,0.001916443,0.173913043,0.001175779,0.3,0.001816118,0.243902439
lerna_lerna,Javascript,https://github.com/lerna/lerna,":dragon: Lerna is a fast, modern build system for managing and publishing multiple JavaScript/TypeScript packages from the same repository.",Software tools,0.006690998,0.091891892,0.006851284,0.05625,0.006146117,0.056451613,0.004994325,0.126315789
strapi_strapi,Javascript,https://github.com/strapi/strapi,"üöÄ Strapi is the leading open-source headless CMS. It‚Äôs 100% JavaScript, fully customizable and developer-first.",Application software,0.013615946,0.434782609,0.013942123,0.11627907,0.014804126,0.153846154,0.035130533,0.088455772
sentsin_layui,Javascript,https://github.com/sentsin/layui,‰∏ÄÂ•óÈÅµÂæ™ÂéüÁîüÊÄÅÂºÄÂèëÊ®°ÂºèÁöÑ Web UI ÁªÑ‰ª∂Â∫ìÔºåÈááÁî®Ëá™Ë∫´ËΩªÈáèÁ∫ßÊ®°ÂùóÂåñËßÑËåÉÔºåÊòì‰∏äÊâãÔºåÂèØ‰ª•Êõ¥ÁÆÄÂçïÂø´ÈÄüÂú∞ÊûÑÂª∫ÁΩëÈ°µÁïåÈù¢„ÄÇ,web libraries and frameworks,0.003790006,0.230769231,0.003880797,0.208333333,0.002030891,0.396551724,0.002667423,0.685714286
reactivex_rxjs,Javascript,https://github.com/reactivex/rxjs,A reactive programming library for JavaScript,web libraries and frameworks,0.002994572,0.158974359,0.003066309,0,0,0,0,0
30-seconds_30-seconds-of-code,Javascript,https://github.com/30-seconds/30-seconds-of-code,Short JavaScript code snippets for all your development needs,Documentation,0.00729927,0.132352941,0.007474128,0.057471264,0.003848004,0.048780488,0.022531215,0.019950125
twbs_bootstrap,Javascript,https://github.com/twbs/bootstrap,"The most popular HTML, CSS, and JavaScript framework for developing responsive, mobile first projects on the web.",web libraries and frameworks,0.017405952,0.114845938,0.017822921,0.118942731,0.012345679,0.147368421,0.01816118,0.116022099
robbyrussell_oh-my-zsh,Javascript,https://github.com/robbyrussell/oh-my-zsh,"A delightful community-driven framework for managing your zsh configuration. Includes 200+ optional plugins (rails, git, OSX, hub, capistrano, brew, ant, php, python, etc), over 140 themes to spice up your morning, and an auto-update tool so that makes it easy to keep up with the latest updates from the community.",Software tools,0.043374509,0.195867026,0.044413568,0.356331878,0.015979905,0,0,0
airbnb_javascript,Javascript,https://github.com/airbnb/javascript,JavaScript Style Guide,Documentation,0.006316676,0.069204152,0.006467995,0.129032258,0.004222115,0.202020202,0.004029512,0.274725275
Microsoft_vscode,Javascript,https://github.com/Microsoft/vscode,Visual Studio Code,Software tools,0.028775969,0.167587477,0.029465312,0.137393768,0.010368233,0,0,0
nodejs_node,Javascript,https://github.com/nodejs/node,Node.js JavaScript runtime :sparkles::turtle::rocket::sparkles:,System software,0.042111173,0.130491803,0.043119969,0.147406733,0.026187804,0.188650307,0.02338252,0.127102804
daneden_animate.css,Javascript,https://github.com/daneden/animate.css,A cross-browser library of CSS animations. As easy to use as an easy thing.,web libraries and frameworks,0.001356916,0.054945055,0.001389421,0.117647059,0.001603335,0,0,0
Microsoft_TypeScript,Javascript,https://github.com/Microsoft/TypeScript,TypeScript is a superset of JavaScript that compiles to clean JavaScript output.,Software tools,0.015955456,0.22324159,0.016337677,0.188405797,0.00641334,0,0,0
angular_angular,Javascript,https://github.com/angular/angular,,web libraries and frameworks,0.046462661,0.231846019,0.0475757,0.240858506,0.036342259,0.222787386,0.033484677,0.133498146
ant-design_ant-design,Javascript,https://github.com/ant-design/ant-design,:ant: A design language,web libraries and frameworks,0.039818454,0.137931034,0.040772327,0.130481283,0.039869595,0.129032258,0.043813848,0.070135747
webpack_webpack,Javascript,https://github.com/webpack/webpack,"A bundler for javascript and friends. Packs many modules into a few bundled assets. Code Splitting allows to load parts for the application on demand. Through ""loaders"" modules can be CommonJs, AMD, ES6 modules, CSS, Images, JSON, Coffeescript, LESS, ... and your custom stuff.",web libraries and frameworks,0.013943477,0.099236641,0.014277501,0.133531157,0.009085565,0.16744186,0.009875142,0.180952381
hakimel_reveal.js,Javascript,https://github.com/hakimel/reveal.js,The HTML Presentation Framework,web libraries and frameworks,0.00486618,0.128654971,0.004982752,0.30952381,0.005504783,0.274647887,0.005902384,0.104895105
socketio_socket.io,Javascript,https://github.com/socketio/socket.io,Realtime application framework (Node.JS server),Non-web libraries and frameworks,0.001122965,0.079545455,0.001149866,0.161290323,0.00106889,0.44,0.00215664,0.204081633
Semantic-Org_Semantic-UI,Javascript,https://github.com/Semantic-Org/Semantic-UI,Semantic is a UI component framework based around useful principles from natural language.,web libraries and frameworks,0.007112109,0.256097561,0.007282484,0.010309278,0.001282668,0.192307692,0.00215664,0
expressjs_express,Javascript,https://github.com/expressjs/express,"Fast, unopinionated, minimalist web framework for node.",web libraries and frameworks,0.004211117,0.072463768,0.004311997,0.20952381,0.003901448,0.189473684,0.003802497,0.235294118
typicode_json-server,Javascript,https://github.com/typicode/json-server,Get a full fake REST API with zero coding in less than 30 seconds (seriously),System software,0.001778027,0.23880597,0.001820621,0.240740741,0.002725669,0.40625,0.002780931,0.346666667
tonsky_FiraCode,Javascript,https://github.com/tonsky/FiraCode,Monospaced font with programming ligatures,Software tools,0.000514692,0.064516129,0.000527022,0.076923077,0.001122334,0.090909091,0.001305335,0.12
adam-p_markdown-here,Javascript,https://github.com/adam-p/markdown-here,"Google Chrome, Firefox, and Thunderbird extension that lets you write email in Markdown and render it before sending.",Software tools,0.000280741,0.19047619,0.000287466,0,0.000481,0.111111111,0.000510783,0.1
meteor_meteor,Javascript,https://github.com/meteor/meteor,"Meteor, the JavaScript App Platform",web libraries and frameworks,0.003836796,0.093645485,0.003928708,0.336363636,0.002565336,0.282352941,0.004370034,0.227722772
gatsbyjs_gatsby,Javascript,https://github.com/gatsbyjs/gatsby,Transform plain text into dynamic blogs and websites using React.js,web libraries and frameworks,0.077250608,0.210687023,0.079101188,0.193404136,0.125754904,0.115968877,0.092395006,0.059763009
google_material-design-icons,Javascript,https://github.com/google/material-design-icons,Material Design icons by Google,web libraries and frameworks,0.001216545,0.105263158,0.001245688,0,0.000427556,0.75,0.001418842,0.193548387
jgthms_bulma,Javascript,https://github.com/jgthms/bulma,Modern CSS framework based on Flexbox,web libraries and frameworks,0.008749766,0.111111111,0.008959371,0.162895928,0.006787451,0.251533742,0.006299659,0.276315789
necolas_normalize.css,Javascript,https://github.com/necolas/normalize.css,A collection of HTML element and attribute style-normalizations,web libraries and frameworks,0.001169755,0.057142857,0.001197777,0.034482759,0.00106889,0,0.001305335,0
Dogfalo_materialize,Javascript,https://github.com/Dogfalo/materialize,"Materialize, a CSS Framework based on Material Design",web libraries and frameworks,0.006784578,0.132169576,0.006947106,0.535353535,0.003527337,0.360465116,0.002724177,0.072727273
babel_babel,Javascript,https://github.com/babel/babel,Babel is a compiler for writing next generation JavaScript.,Software tools,0.016002246,0.15851272,0.016385588,0.177304965,0.015231682,0.2,0.011748014,0.121863799
impress_impress.js,Javascript,https://github.com/impress/impress.js,It's a presentation framework based on the power of CSS3 transforms and transitions in modern browsers and inspired by the idea behind prezi.com.,web libraries and frameworks,0.000842223,0.040816327,0.000862399,0.4,0.000908556,0.28,0.000737798,0.45
serverless_serverless,Javascript,https://github.com/serverless/serverless,"Serverless Framework – Build web, mobile and IoT applications with serverless architectures via AWS Lambda and API Gateway (formerly known as JAWS) –",web libraries and frameworks,0.012726932,0.136778116,0.013031813,0.167192429,0.014109347,0.135646688,0.019012486,0.079365079
minimaxir_big-list-of-naughty-strings,Javascript,https://github.com/minimaxir/big-list-of-naughty-strings,The Big List of Naughty Strings is a list of strings which have a high probability of causing issues when used as user-input data.,Documentation,0.001029384,0.214285714,0.001054044,0.064516129,0.000374111,0.111111111,0.001589103,0.586206897
gulpjs_gulp,Javascript,https://github.com/gulpjs/gulp,The streaming build system,Software tools,0.001590867,0.025862069,0.001628977,0.135135135,0.001229223,0.071428571,0.001135074,0.090909091
google_material-design-lite,Javascript,https://github.com/google/material-design-lite,Material Design Lite Components in HTML/CSS/JS,web libraries and frameworks,0.000421112,0,0.0004312,0,0.000213778,0,0.000794552,0
Unitech_pm2,Javascript,https://github.com/Unitech/pm2,Production process manager for Node.js apps with a built-in load balancer,Software tools,0.003696425,0.144230769,0.003784975,0.212765957,0.002672225,0.185714286,0.002213394,0.288461538
facebook_jest,Javascript,https://github.com/facebook/jest,Painless JavaScript Unit Testing.,Non-web libraries and frameworks,0.0267172,0.14619883,0.027357225,0.110283159,0.021110577,0.140724947,0.019523269,0.117073171
hexojs_hexo,Javascript,https://github.com/hexojs/hexo,"A fast, simple & powerful blog framework, powered by Node.js.",Application software,0.001637657,0.133333333,0.001676888,0.311111111,0.002351558,0.206896552,0.001589103,0.35
mozilla_pdf.js,Javascript,https://github.com/mozilla/pdf.js,PDF Reader in JavaScript,web libraries and frameworks,0.004679019,0.107526882,0.004791108,0.183333333,0.003741115,0.184782609,0.004199773,0.131868132
facebook_immutable-js,Javascript,https://github.com/facebook/immutable-js,Immutable persistent data collections for Javascript which increase efficiency and simplicity.,Non-web libraries and frameworks,0.002807412,0.130136986,0.002874665,0.151898734,0.001336112,0,0,0
alvarotrigo_fullPage.js,Javascript,https://github.com/alvarotrigo/fullPage.js,fullPage plugin by Alvaro Trigo. Create full screen pages fast and simple,web libraries and frameworks,0.001824818,0.222222222,0.001868532,0.142857143,0.001496446,0.228571429,0.000964813,0.36
koajs_koa,Javascript,https://github.com/koajs/koa,Expressive middleware for node.js using generators,web libraries and frameworks,0.002947782,0.09352518,0.003018398,0.210526316,0.002298113,0.169491525,0.001929625,0.25
zenorocha_clipboard.js,Javascript,https://github.com/zenorocha/clipboard.js,:scissors: Modern copy to clipboard. No Flash. Just 3kb gzipped :clipboard:,web libraries and frameworks,0.001216545,0.166666667,0.001245688,0.1875,0.000481,0.133333333,0.000624291,0.076923077
pixijs_pixi.js,Javascript,https://github.com/pixijs/pixi.js,Super fast HTML 5 2D rendering engine that uses webGL with canvas fallback,web libraries and frameworks,0.004632229,0.137724551,0.004743197,0.163934426,0.006573673,0.146853147,0.004653802,0.155339806
knsv_mermaid,Javascript,https://github.com/knsv/mermaid,Generation of diagram and flowchart from text in a similar manner as markdown,web libraries and frameworks,0.001450496,0.1,0.001485243,0.058823529,0.001817113,0,0,0
jashkenas_backbone,Javascript,https://github.com/jashkenas/backbone,"Give your JS App some Backbone with Models, Views, Collections, and Events",web libraries and frameworks,0.000421112,0.111111111,0.0004312,0.56,0.000374111,0.761904762,0.00045403,0
photonstorm_phaser,Javascript,https://github.com/photonstorm/phaser,"Phaser is a fun, free and fast 2D game framework for making HTML5 games for desktop and mobile web browsers, supporting Canvas and WebGL rendering.",web libraries and frameworks,0.008749766,0.218181818,0.008959371,0.125628141,0.005077227,0.125,0.00431328,0.087912088
quilljs_quill,Javascript,https://github.com/quilljs/quill,A cross browser rich text editor with an API,web libraries and frameworks,0.003134943,0.064814815,0.003210042,0.135135135,0.001817113,0.340909091,0.003405221,0.493333333
kenwheeler_slick,Javascript,https://github.com/kenwheeler/slick,the last carousel you'll ever need,web libraries and frameworks,0.003462474,0.354166667,0.00354542,0.661971831,0.002779114,0.006849315,0.001872872,0
mxstbr_react-boilerplate,Javascript,https://github.com/mxstbr/react-boilerplate,":fire: Quick setup for performance orientated, offline-first React.js applications featuring Redux, hot-reloading, PostCSS, react-router, ServiceWorker, AppCache, FontFaceObserver and Mocha.",web libraries and frameworks,0.001403706,0.069565217,0.001437332,0,0,0,0,0
Modernizr_Modernizr,Javascript,https://github.com/Modernizr/Modernizr,Modernizr is a JavaScript library that detects HTML5 and CSS3 features in the user’s browser.,web libraries and frameworks,0.00247988,0.136842105,0.002539287,0.242424242,0.001336112,0.317073171,0.001759364,0.318181818
weui_weui,Javascript,https://github.com/weui/weui,"A UI library by WeChat official design team, includes the most useful widgets/modules in mobile web applications.",web libraries and frameworks,0,0,0,,0,0,0,0
request_request,Javascript,https://github.com/request/request,Simplified HTTP request client.,Non-web libraries and frameworks,0.004257908,0.330578512,0.004359908,0.351145038,0.00368767,0.32173913,0.001362089,0.016393443
github_fetch,Javascript,https://github.com/github/fetch,A window.fetch JavaScript polyfill.,web libraries and frameworks,0.001076174,0.075757576,0.001101955,0.107142857,0.001015445,0.136363636,0.001248581,0.04
IanLunn_Hover,Javascript,https://github.com/IanLunn/Hover,"A collection of CSS3 powered hover effects to be applied to links, buttons, logos, SVG, featured images and so on. Easily apply to your own elements, modify or just use for inspiration. Available in CSS, Sass, and LESS.",web libraries and frameworks,0.000655063,0.25,0.000670755,0,0.000374111,0.428571429,0.000510783,0
postcss_postcss,Javascript,https://github.com/postcss/postcss,Transforming styles with JS plugins,web libraries and frameworks,0.002667041,0.102564103,0.002730931,0.046153846,0.002084335,0.214285714,0.002780931,0.103448276
nolimits4web_Swiper,Javascript,https://github.com/nolimits4web/Swiper,Most modern mobile touch slider with hardware accelerated transitions,web libraries and frameworks,0.001824818,0.059701493,0.001868532,0,0,0,0,0
GitbookIO_gitbook,Javascript,https://github.com/GitbookIO/gitbook,Modern book format and toolchain using Git and Markdown,Application software,0.001450496,0.256756757,0.001485243,0.04,0.000213778,0.166666667,0.000170261,0
DefinitelyTyped_DefinitelyTyped,Javascript,https://github.com/DefinitelyTyped/DefinitelyTyped,The repository for high quality TypeScript type definitions.,Documentation,0.225201198,0.172544879,0.230596014,0.14955595,0.277537278,0.142502071,0.270374574,0.064189189
grafana_grafana,Javascript,https://github.com/grafana/grafana,"Gorgeous metric viz, dashboards & editors for Graphite, InfluxDB & OpenTSDB",web libraries and frameworks,0.021663859,0.118556701,0.022182829,0.163533835,0.031478809,0.186390533,0.03876277,0.135970334
cheeriojs_cheerio,Javascript,https://github.com/cheeriojs/cheerio,"Fast, flexible, and lean implementation of core jQuery designed specifically for the server.",Non-web libraries and frameworks,0.001403706,0.215686275,0.001437332,0.341463415,0.001015445,0.212121212,0.000851305,0.272727273
hammerjs_hammer.js,Javascript,https://github.com/hammerjs/hammer.js,A javascript library for multi-touch gestures :// You can touch this,web libraries and frameworks,9.36E-05,0,9.58E-05,0.5,0.001282668,0,0.000113507,0
sequelize_sequelize,Javascript,https://github.com/sequelize/sequelize,"Sequelize is an easy-to-use multi sql dialect ORM for Node.js & io.js. It currently supports MySQL, MariaDB, SQLite, PostgreSQL and MSSQL.",Non-web libraries and frameworks,0.012492981,0.109785203,0.012792258,0.118210863,0.016781572,0.150997151,0.013337117,0.222222222
VincentGarreau_particles.js,Javascript,https://github.com/VincentGarreau/particles.js,A lightweight JavaScript library for creating particles,web libraries and frameworks,0.000608273,0.057142857,0.000622844,0.066666667,0.000427556,0.111111111,0.000681044,0.076923077